{"cameraMode":{"drawMode":0,"name":"Shaded","section":"Shading Mode"},"sceneLighting":true,"audioPlay":false,"sceneViewState":{"m_AlwaysRefresh":false,"showFog":true,"showSkybox":true,"showFlares":true,"showImageEffects":true,"showParticleSystems":true,"showVisualEffectGraphs":true,"m_FxEnabled":true},"in2DMode":false,"pivot":{"x":-16.084060668945314,"y":-11.663803100585938,"z":2.2339015007019045},"rotation":{"x":0.23125851154327393,"y":-0.6632432341575623,"z":0.2274029552936554,"w":0.6744700074195862},"size":18.519447326660158,"orthographic":false}